[{"business_id":"Pns2l4eNsfO8kk83dixA6A","name":"Abby Rappoport, LAC, CMQ","address":"1616 Chapala St, Ste 2","city":"Santa Barbara","state":"CA","postal_code":"93101","latitude":34.4266787,"longitude":-119.7111968,"stars":5.0,"review_count":7,"is_open":0,"attributes":{"ByAppointmentOnly":"True"},"categories":"Doctors, Traditional Chinese Medicine, Naturopathic\/Holistic, Acupuncture, Health & Medical, Nutritionists","hours":null},
{"business_id":"mpf3x-BjTdTEA3yCZrAYPw","name":"Inglewood Pizza","address":"87 Grasso Plaza Shopping Center","city":"Affton","state":"MO","postal_code":"63123","latitude":38.551126,"longitude":-90.335695,"stars":3.0,"review_count":15,"is_open":1,"attributes":{"BusinessAcceptsCreditCards":"True"},"categories":"Shipping Centers, Local Services, Notaries, Mailbox Centers, Printing Services","hours":{"Monday":"0:0-0:0","Tuesday":"8:0-18:30","Wednesday":"8:0-18:30","Thursday":"8:0-18:30","Friday":"8:0-18:30","Saturday":"8:0-14:0"}},
{"business_id":"tUFrWirKiKi_TAnsVWINQQ","name":"Target","address":"5255 E Broadway Blvd","city":"Tucson","state":"AZ","postal_code":"85711","latitude":32.223236,"longitude":-110.880452,"stars":3.5,"review_count":22,"is_open":0,"attributes":{"BikeParking":"True","BusinessAcceptsCreditCards":"True","RestaurantsPriceRange2":"2","CoatCheck":"False","RestaurantsTakeOut":"False","RestaurantsDelivery":"False","Caters":"False","WiFi":"no","BusinessParking":"{'garage': False, 'street': False, 'validated': False, 'lot': True, 'valet': False}","WheelchairAccessible":"True","HappyHour":"False","OutdoorSeating":"False","HasTV":"False","RestaurantsReservations":"False","DogsAllowed":"False","ByAppointmentOnly":"False"},"categories":"Department Stores, Shopping, Fashion, Home & Garden, Electronics, Furniture Stores","hours":{"Monday":"8:0-22:0","Tuesday":"8:0-22:0","Wednesday":"8:0-22:0","Thursday":"8:0-22:0","Friday":"8:0-23:0","Saturday":"8:0-23:0","Sunday":"8:0-22:0"}},
{"business_id":"MTSW4McQd7CbVtyjqoe9mw","name":"St Honore Pastries","address":"935 Race St","city":"Philadelphia","state":"PA","postal_code":"19107","latitude":39.9555052,"longitude":-75.1555641,"stars":4.0,"review_count":80,"is_open":1,"attributes":{"RestaurantsDelivery":"False","OutdoorSeating":"False","BusinessAcceptsCreditCards":"False","BusinessParking":"{'garage': False, 'street': True, 'validated': False, 'lot': False, 'valet': False}","BikeParking":"True","RestaurantsPriceRange2":"1","RestaurantsTakeOut":"True","ByAppointmentOnly":"False","WiFi":"free","Alcohol":"none","Caters":"True"},"categories":"Restaurants, Food, Bubble Tea, Coffee & Tea, Bakeries","hours":{"Monday":"7:0-20:0","Tuesday":"7:0-20:0","Wednesday":"7:0-20:0","Thursday":"7:0-20:0","Friday":"7:0-21:0","Saturday":"7:0-21:0","Sunday":"7:0-21:0"}},
{"business_id":"mWMc6_wTdE0EUBKIGXDVfA","name":"Perkiomen Valley Brewery","address":"101 Walnut St","city":"Green Lane","state":"PA","postal_code":"18054","latitude":40.3381827,"longitude":-75.4716585,"stars":4.5,"review_count":13,"is_open":1,"attributes":{"BusinessAcceptsCreditCards":"True","WheelchairAccessible":"True","RestaurantsTakeOut":"True","BusinessParking":"{'garage': None, 'street': None, 'validated': None, 'lot': True, 'valet': False}","BikeParking":"True","GoodForKids":"True","Caters":"False"},"categories":"Brewpubs, Breweries, Food","hours":{"Wednesday":"14:0-22:0","Thursday":"16:0-22:0","Friday":"12:0-22:0","Saturday":"12:0-22:0","Sunday":"12:0-18:0"}},
{"business_id":"CF33F8-E6oudUQ46HnavjQ","name":"Sonic Drive-In","address":"615 S Main St","city":"Ashland City","state":"TN","postal_code":"37015","latitude":36.269593,"longitude":-87.058943,"stars":2.0,"review_count":6,"is_open":1,"attributes":{"BusinessParking":"None","BusinessAcceptsCreditCards":"True","RestaurantsAttire":"casual","OutdoorSeating":"True","RestaurantsReservations":"False","Caters":"False","RestaurantsTakeOut":"True","Alcohol":"none","Ambience":"None","GoodForKids":"True","RestaurantsPriceRange2":"1","ByAppointmentOnly":"False","CoatCheck":"False","DogsAllowed":"False","RestaurantsTableService":"False","RestaurantsGoodForGroups":"True","RestaurantsDelivery":"True","WiFi":"no","WheelchairAccessible":"True","HasTV":"True","HappyHour":"False","DriveThru":"True","BikeParking":"False"},"categories":"Burgers, Fast Food, Sandwiches, Food, Ice Cream & Frozen Yogurt, Restaurants","hours":{"Monday":"0:0-0:0","Tuesday":"6:0-22:0","Wednesday":"6:0-22:0","Thursday":"6:0-22:0","Friday":"9:0-0:0","Saturday":"9:0-22:0","Sunday":"8:0-22:0"}},
{"business_id":"n_0UpQx1hsNbnPUSlodU8w","name":"Famous Footwear","address":"8522 Eager Road, Dierbergs Brentwood Point","city":"Brentwood","state":"MO","postal_code":"63144","latitude":38.627695,"longitude":-90.340465,"stars":2.5,"review_count":13,"is_open":1,"attributes":{"BusinessAcceptsCreditCards":"True","RestaurantsPriceRange2":"2","BikeParking":"True","BusinessParking":"{'garage': False, 'street': False, 'validated': False, 'lot': True, 'valet': False}"},"categories":"Sporting Goods, Fashion, Shoe Stores, Shopping, Sports Wear, Accessories","hours":{"Monday":"0:0-0:0","Tuesday":"10:0-18:0","Wednesday":"10:0-18:0","Thursday":"10:0-18:0","Friday":"10:0-18:0","Saturday":"10:0-18:0","Sunday":"12:0-18:0"}},
{"business_id":"qkRM_2X51Yqxk3btlwAQIg","name":"Temple Beth-El","address":"400 Pasadena Ave S","city":"St. Petersburg","state":"FL","postal_code":"33707","latitude":27.76659,"longitude":-82.732983,"stars":3.5,"review_count":5,"is_open":1,"attributes":null,"categories":"Synagogues, Religious Organizations","hours":{"Monday":"9:0-17:0","Tuesday":"9:0-17:0","Wednesday":"9:0-17:0","Thursday":"9:0-17:0","Friday":"9:0-17:0"}},
{"business_id":"k0hlBqXX-Bt0vf1op7Jr1w","name":"Tsevi's Pub And Grill","address":"8025 Mackenzie Rd","city":"Affton","state":"MO","postal_code":"63123","latitude":38.5651648,"longitude":-90.3210868,"stars":3.0,"review_count":19,"is_open":0,"attributes":{"Caters":"True","Alcohol":"full_bar","RestaurantsAttire":"casual","RestaurantsDelivery":"False","RestaurantsTakeOut":"True","HasTV":"True","NoiseLevel":"average","BusinessAcceptsCreditCards":"True","OutdoorSeating":"True","BusinessParking":"{'garage': False, 'street': False, 'validated': False, 'lot': True, 'valet': False}","Ambience":"{'romantic': False, 'intimate': False, 'touristy': False, 'hipster': False, 'divey': False, 'classy': False, 'trendy': False, 'upscale': False, 'casual': False}","RestaurantsPriceRange2":"1","GoodForKids":"True","WiFi":"free","RestaurantsReservations":"False","RestaurantsGoodForGroups":"True"},"categories":"Pubs, Restaurants, Italian, Bars, American (Traditional), Nightlife, Greek","hours":null},
{"business_id":"bBDDEgkFA1Otx9Lfe7BZUQ","name":"Sonic Drive-In","address":"2312 Dickerson Pike","city":"Nashville","state":"TN","postal_code":"37207","latitude":36.2081024,"longitude":-86.7681696,"stars":1.5,"review_count":10,"is_open":1,"attributes":{"RestaurantsAttire":"'casual","RestaurantsGoodForGroups":"False","BusinessAcceptsCreditCards":"True","OutdoorSeating":"True","GoodForKids":"True","Alcohol":"none","BusinessParking":"{'garage': False, 'street': False, 'validated': False, 'lot': False, 'valet': False}","DogsAllowed":"False","RestaurantsTableService":"False","ByAppointmentOnly":"False","WiFi":"no","RestaurantsPriceRange2":"1","RestaurantsReservations":"False","HasTV":"True","RestaurantsDelivery":"True","CoatCheck":"False","Caters":"False","RestaurantsTakeOut":"True","DriveThru":"True","HappyHour":"False","WheelchairAccessible":"True"},"categories":"Ice Cream & Frozen Yogurt, Fast Food, Burgers, Restaurants, Food","hours":{"Monday":"0:0-0:0","Tuesday":"6:0-21:0","Wednesday":"6:0-21:0","Thursday":"6:0-16:0","Friday":"6:0-16:0","Saturday":"6:0-17:0","Sunday":"6:0-21:0"}}]